<?xml version="1.0" encoding="UTF-8" ?>
<beans xmlns="http://www.springframework.org/schema/beans" xmlns:xsi="http://www.w3.org/2001/XMLSchema-instance"
	xmlns:mvc="http://www.springframework.org/schema/mvc"
	xsi:schemaLocation="http://www.springframework.org/schema/mvc https://www.springframework.org/schema/mvc/spring-mvc-3.1.xsd
		http://www.springframework.org/schema/beans https://www.springframework.org/schema/beans/spring-beans-3.1.xsd">

	<mvc:default-servlet-handler />
	
	<mvc:annotation-driven>
		<mvc:message-converters>
			<bean class="org.springframework.http.converter.BufferedImageHttpMessageConverter" />
		</mvc:message-converters>
	</mvc:annotation-driven>

	<bean id="propertyConfigurer" class="org.springframework.beans.factory.config.PropertyPlaceholderConfigurer">
		<property name="location" value="/WEB-INF/sparklr.properties" />
	</bean>

	<!--Basic application beans. -->
	<bean id="viewResolver" class="org.springframework.web.servlet.view.InternalResourceViewResolver">
		<property name="prefix" value="/WEB-INF/jsp/" />
		<property name="suffix" value=".jsp" />
	</bean>

	<bean id="sparklrController" class="org.springframework.security.oauth.examples.tonr.mvc.SparklrController">
		<property name="sparklrService" ref="sparklrService" />
	</bean>

	<bean id="googleEventsController" class="org.springframework.security.oauth.examples.tonr.mvc.PicasaController">
		<property name="googleService" ref="googleService" />
	</bean>

	<bean id="sparklrService" class="org.springframework.security.oauth.examples.tonr.impl.SparklrServiceImpl">
		<property name="sparklrPhotoListURL" value="${sparklrPhotoListURL}" />
		<property name="sparklrPhotoURLPattern" value="${sparklrPhotoURLPattern}" />
		<property name="sparklrRestTemplate">
			<bean class="org.springframework.security.oauth.consumer.client.OAuthRestTemplate">
				<constructor-arg ref="sparklrPhotos" />
			</bean>
		</property>

	</bean>

	<bean id="googleService" class="org.springframework.security.oauth.examples.tonr.impl.GoogleServiceImpl">
		<property name="googleRestTemplate">
			<bean class="org.springframework.security.oauth.consumer.client.OAuthRestTemplate">
				<constructor-arg ref="google" />
			</bean>
		</property>

	</bean>

</beans>
