<?xml version="1.0" encoding="UTF-8"?>
<!DOCTYPE mapper PUBLIC "-//mybatis.org//DTD Mapper 3.0//EN" "http://mybatis.org/dtd/mybatis-3-mapper.dtd">
<mapper namespace="com.funtl.oauth2.server.mapper.TbPermissionMapper">
  <resultMap id="BaseResultMap" type="com.funtl.oauth2.server.domain.TbPermission">
    <!--@mbg.generated generated on Thu Apr 04 18:07:48 CST 2019.-->
    <id column="id" jdbcType="BIGINT" property="id" />
    <result column="parent_id" jdbcType="BIGINT" property="parentId" />
    <result column="name" jdbcType="VARCHAR" property="name" />
    <result column="enname" jdbcType="VARCHAR" property="enname" />
    <result column="description" jdbcType="VARCHAR" property="description" />
    <result column="created" jdbcType="TIMESTAMP" property="created" />
    <result column="updated" jdbcType="TIMESTAMP" property="updated" />
  </resultMap>
  <sql id="Base_Column_List">
    <!--@mbg.generated generated on Thu Apr 04 18:07:48 CST 2019.-->
    id, parent_id, `name`, `enname`, description, created, updated
  </sql>
  <select id="selectByUserId" resultMap="BaseResultMap">
    SELECT
      p.*
    FROM
      tb_user AS u
      LEFT JOIN tb_user_role AS ur
        ON u.id = ur.user_id
      LEFT JOIN tb_role AS r
        ON r.id = ur.role_id
      LEFT JOIN tb_role_permission AS rp
        ON r.id = rp.role_id
      LEFT JOIN tb_permission AS p
        ON p.id = rp.permission_id
    WHERE u.id = ${userId}
  </select>
</mapper>