<?xml version="1.0" encoding="UTF-8"?>
<!DOCTYPE mapper PUBLIC "-//mybatis.org//DTD Mapper 3.0//EN" "http://mybatis.org/dtd/mybatis-3-mapper.dtd">
<mapper namespace="com.funtl.oauth2.server.mapper.TbRoleMapper">
  <resultMap id="BaseResultMap" type="com.funtl.oauth2.server.domain.TbRole">
    <!--@mbg.generated generated on Thu Apr 04 18:13:12 CST 2019.-->
    <id column="id" jdbcType="BIGINT" property="id" />
    <result column="parent_id" jdbcType="BIGINT" property="parentId" />
    <result column="name" jdbcType="VARCHAR" property="name" />
    <result column="enname" jdbcType="VARCHAR" property="enname" />
    <result column="description" jdbcType="VARCHAR" property="description" />
    <result column="created" jdbcType="TIMESTAMP" property="created" />
    <result column="updated" jdbcType="TIMESTAMP" property="updated" />
  </resultMap>
  <sql id="Base_Column_List">
    <!--@mbg.generated generated on Thu Apr 04 18:13:12 CST 2019.-->
    id, parent_id, `name`, `enname`, description, created, updated
  </sql>
</mapper>