<?xml version="1.0" encoding="UTF-8"?>
<!DOCTYPE mapper PUBLIC "-//mybatis.org//DTD Mapper 3.0//EN" "http://mybatis.org/dtd/mybatis-3-mapper.dtd">
<mapper namespace="com.funtl.oauth2.resource.mapper.TbContentMapper">
  <resultMap id="BaseResultMap" type="com.funtl.oauth2.resource.domain.TbContent">
    <!--@mbg.generated generated on Sat Apr 06 17:18:31 CST 2019.-->
    <id column="id" jdbcType="BIGINT" property="id" />
    <result column="category_id" jdbcType="BIGINT" property="categoryId" />
    <result column="title" jdbcType="VARCHAR" property="title" />
    <result column="sub_title" jdbcType="VARCHAR" property="subTitle" />
    <result column="title_desc" jdbcType="VARCHAR" property="titleDesc" />
    <result column="url" jdbcType="VARCHAR" property="url" />
    <result column="pic" jdbcType="VARCHAR" property="pic" />
    <result column="pic2" jdbcType="VARCHAR" property="pic2" />
    <result column="content" jdbcType="LONGVARCHAR" property="content" />
    <result column="created" jdbcType="TIMESTAMP" property="created" />
    <result column="updated" jdbcType="TIMESTAMP" property="updated" />
  </resultMap>
  <sql id="Base_Column_List">
    <!--@mbg.generated generated on Sat Apr 06 17:18:31 CST 2019.-->
    id, category_id, title, sub_title, title_desc, url, pic, pic2, content, created, 
    updated
  </sql>
</mapper>