<?xml version="1.0" encoding="UTF-8"?>
<!DOCTYPE mapper PUBLIC "-//mybatis.org//DTD Mapper 3.0//EN" "http://mybatis.org/dtd/mybatis-3-mapper.dtd">
<mapper namespace="com.funtl.spring.boot.mapper.TbUserMapper">
  <resultMap id="BaseResultMap" type="com.funtl.spring.boot.domain.TbUser">
    <!--@mbg.generated generated on Thu Jun 27 14:27:56 CST 2019.-->
    <id column="id" jdbcType="BIGINT" property="id" />
    <result column="username" jdbcType="VARCHAR" property="username" />
    <result column="password" jdbcType="VARCHAR" property="password" />
    <result column="phone" jdbcType="VARCHAR" property="phone" />
    <result column="email" jdbcType="VARCHAR" property="email" />
    <result column="created" jdbcType="TIMESTAMP" property="created" />
    <result column="updated" jdbcType="TIMESTAMP" property="updated" />
  </resultMap>
  <sql id="Base_Column_List">
    <!--@mbg.generated generated on Thu Jun 27 14:27:56 CST 2019.-->
    id, username, `password`, phone, email, created, updated
  </sql>
</mapper>